{
  "galaxy_01": 1484.0,
  "galaxy_02": 1484.7701398146428,
  "galaxy_03": 1515.1643786748382,
  "galaxy_04": 1484.7733087445963,
  "galaxy_05": 1586.9154848686592,
  "galaxy_06": 1487.4922620140326,
  "galaxy_07": 1500,
  "galaxy_08": 1499.4565107704984,
  "galaxy_09": 1500,
  "galaxy_10": 1499.9682346086495,
  "galaxy_11": 1487.387734918427,
  "galaxy_12": 1486.7837211089125,
  "galaxy_13": 1499.263693206478,
  "galaxy_14": 1487.3697687581675,
  "galaxy_15": 1500,
  "galaxy_16": 1500,
  "galaxy_17": 1500,
  "galaxy_18": 1501.2740073259145,
  "galaxy_19": 1500,
  "galaxy_20": 1500,
  "galaxy_21": 1484.8052159384313,
  "galaxy_22": 1484.8037520126916,
  "galaxy_23": 1525.7717872350609
}